name	sequence	kingdom	phylum	class	order	family	genus	species
OTU_1	TTAAACGACATAATCGGGCGGGTTGATGAATTGGACGAGCGACTTGCATCGGGTCCCGGACGCGATCCGGTCCCTTGTTCAGTCTGAGCCCTGGCCGGGCCCGCATTCCAGCCTCGGCTCATGGGATAGAGGTTTCGACAACAGGAAGCG	Bacteria	na	na	na	na	na	otu1
OTU_2	AGACACCCGGTACATATACCTTGCCTGCGTAGAAATCCCTAGATTGTAAGTATCGCAAAGCCACTTTATCAGCTGTAGTCTTTATTCGAATGTACGAACCTCACCTAACTCAGTGTTTCCACCTACGAACTCTCCCGCTTGGCAGTCATA	Bacteria	na	na	na	na	na	otu2
OTU_3	AAGGTTACCGCGGAGCCGTAGCCAAAATCACCGCGTGGGGAATGTATTTTTCTTCCCGACCCACTTGCACTTAAGTGTCGTCTCTGCCACTAGAAAAGCAGCCGCGTGCCGATACAACACTGCATTAACGCAAACACTATGTTATCACGA	Bacteria	na	na	na	na	na	otu3
OTU_4	TTAGGCGTTGATCAACGGAGTGTCACTCGTCAATGCGCCGAAATACTCGGTCGAATTAAAAACGAAAAACCGTGCCGCCCCCCCCGCGATAAGCGGAAGGGTTTTCCTCTTCGCGATACATCACGATAACCCACTGAGATGAGTTGAAAC	Bacteria	na	na	na	na	na	otu4
OTU_5	TGACGTCTTAGTGCGACGTCGCCTCATAGACCAACATCTGCAGAACGTAAAGCGAGACGGTCGCTACGACGGGACGTTTCTAACTAATCCCCATATTTAGCCCCCACCGGGGAAGCAGAGTGATTCACATTATGCATTTTCGTAGGTTAA	Bacteria	na	na	na	na	na	otu5
OTU_6	TATCCTAGTAATCGACGGCGGGATAATCCCTCCTCGGCGTCGTTCGAAGTTAATTGCAAGTCCCCTCACAATCGCCTGACCCGAAGTGGTTGGTCCGTGGCATCCATCTCGATAAGCGGGATCCTAGGCCCACCTCACATCAGGCGTAGA	Bacteria	na	na	na	na	na	otu6
OTU_7	ATTAGACAATTTCACGCGTATATCGAAGACAGGGGGTCCTTAGCCGTATCCCAAACCCGGCCGGCGACCAATCGCTTGAGTCGACTTATCGATCTCTATTGGAGTGGTCAATGTTTGCACAAGAATGAAGTGAGGGACTCGACCCGTTAC	Bacteria	na	na	na	na	na	otu7
OTU_8	ACGGTATTACGGACAATAAGGCTGAAGGCAACGATATCACCCCCGAACGCCCTCGTTGTCGACTGCAGAATGGAGCTCATCAGCCAGGAACACACTTCCACGTTGGATTGGCATTGCAACTTCCTGACGCTCGGTCGACCCATTACTGTA	Bacteria	na	na	na	na	na	otu8
OTU_9	CAACAACGGTCACGCACATATATTGTACTTCAAACATCAAGCTTGACGGATCCGCCCGATATCCACACCGTTCAGATTGCTCGAACAACCAGCCTCGAATAGAACGCATCACGCAGAGTCGCACACGCAGGCGACCATAATGATCTCCCT	Bacteria	na	na	na	na	na	otu9
OTU_10	TCTCCCTTGAGCACGTCGACATACAGGGTAGCACCGCGACACATTGCTGTGGACAACGCACAGAGATCCGATACTGTACGGATTTCTTAGAACGACCACATGCTAGAGACCCAGGCTCCACCGTGAAAATGAATTCACACCCTGCAGCAC	Bacteria	na	na	na	na	na	otu10
OTU_11	GATAACGATCTATCCGAAGTCAAGGTACGATGGTGGAGCCCGCCATCGTTGGTGTAACAATTACTGGAAGTATCTGGTCGTCCTACTTGGGGCTTGTGCTGATCCCAGCATCACATTTCGAACACTCGAAGCGAGTTCGGTATTCCAGTG	Bacteria	na	na	na	na	na	otu11
